code_pays,annee,dep_edu,scol_prim,scol_sec,alpha,id_pays,_est_fe,_est_re
AGO,2000,2.6075301,,13.36907,,AGO,0,0
AGO,2001,,,15.00134,67.410004,AGO,0,0
AGO,2002,,,16.149599,,AGO,0,0
AGO,2005,2.12011,,,,AGO,0,0
AGO,2006,2.28146,,,,AGO,0,0
AGO,2007,,106.34145,,,AGO,0,0
AGO,2008,,113.29224,22.799021,,AGO,0,0
AGO,2009,,112.27895,24.33202,,AGO,0,0
AGO,2010,3.42132,113.87258,28.210804,,AGO,1,1
AGO,2011,,128.38634,29.686953,,AGO,0,0
AGO,2012,3.0819108,,,,AGO,0,0
AGO,2013,4.4389496,,,,AGO,0,0
AGO,2014,,,,66.029999,AGO,0,0
AGO,2015,3.4868958,120.58028,,66.239998,AGO,1,1
AGO,2016,2.7549367,,54.416798,,AGO,0,0
AGO,2017,2.4668789,,,,AGO,0,0
AGO,2018,2.1835129,,,,AGO,0,0
AGO,2019,2.0730643,,,,AGO,0,0
AGO,2020,2.6674473,,,,AGO,0,0
AGO,2021,2.2971969,89.226608,53.135155,,AGO,1,1
AGO,2022,2.385359,,,,AGO,0,0
BDI,2000,2.6454799,59.236832,,59.299999,BDI,1,1
BDI,2001,2.9039099,61.938251,9.4199896,,BDI,1,1
BDI,2002,3.00493,68.637993,9.9273996,,BDI,1,1
BDI,2003,,74.176964,10.25635,,BDI,0,0
BDI,2004,3.7449501,79.25544,11.80931,,BDI,1,1
BDI,2005,3.63217,84.503593,12.97707,,BDI,1,1
BDI,2006,,107.59712,14.33811,,BDI,0,0
BDI,2007,,120.35242,15.33612,,BDI,0,0
BDI,2008,5.1928902,123.76885,,48.080002,BDI,1,1
BDI,2009,6.1719499,131.40083,20.8934,,BDI,1,1
BDI,2010,6.7752399,135.15973,23.764709,,BDI,1,1
BDI,2011,6.3192601,135.99222,26.79438,,BDI,1,1
BDI,2012,6.1677699,131.35715,29.57329,,BDI,1,1
BDI,2013,5.9954,126.11024,34.212452,,BDI,1,1
BDI,2014,6.7845201,121.42411,40.264126,61.290001,BDI,1,1
BDI,2015,6.3713398,116.22813,43.935192,,BDI,1,1
BDI,2016,4.6919999,112.48212,47.471535,65.690002,BDI,1,1
BDI,2017,4.7620201,107.55418,48.22435,68.379997,BDI,1,1
BDI,2018,5.07864,104.25645,46.330395,,BDI,1,1
BDI,2019,5.3466845,101.50612,41.835243,,BDI,1,1
BDI,2020,5.3215852,101.66109,44.915173,71.337479,BDI,1,1
BDI,2021,4.8711419,,,,BDI,0,0
BEN,2000,2.1136601,77.292801,20.00054,,BEN,1,1
BEN,2001,2.3650999,84.478554,21.71044,,BEN,1,1
BEN,2002,2.1594901,89.592957,23.584669,34.66,BEN,1,1
BEN,2003,2.28316,93.192108,24.90012,,BEN,1,1
BEN,2004,2.5669,96.98716,26.704149,,BEN,1,1
BEN,2005,2.6566801,94.214569,,,BEN,1,1
BEN,2006,2.5634,94.332542,,,BEN,1,1
BEN,2007,2.3633101,,,,BEN,0,0
BEN,2008,2.7772801,106.48396,,,BEN,1,1
BEN,2009,3.0892701,111.44181,,,BEN,1,1
BEN,2010,3.67997,112.79596,,,BEN,1,1
BEN,2011,,114.72313,45.729469,44.688122,BEN,0,0
BEN,2012,3.5620201,118.54148,,,BEN,1,1
BEN,2013,3.3275101,119.38309,52.037849,45.080002,BEN,1,1
BEN,2014,3.1617899,119.67539,52.595268,,BEN,1,1
BEN,2015,3.1729801,121.99088,55.133308,,BEN,1,1
BEN,2016,2.8991001,120.30112,55.29459,,BEN,1,1
BEN,2017,3.5355899,116.29152,,38.869999,BEN,1,1
BEN,2018,2.9316199,111.80507,,,BEN,1,1
BEN,2019,2.7320473,106.7984,,49,BEN,1,1
BEN,2020,2.8989844,104.03317,43.98587,,BEN,1,1
BEN,2021,3.0969265,105.6313,44.2738,43.830002,BEN,1,1
BEN,2022,3.0972643,108.03624,43.56065,51.380001,BEN,1,1
BFA,2000,,42.817532,9.8558998,,BFA,0,0
BFA,2001,,44.338139,10.03964,,BFA,0,0
BFA,2002,,45.133091,,,BFA,0,0
BFA,2003,,47.53355,11.28482,21.82,BFA,0,0
BFA,2004,,52.179089,12.3677,,BFA,0,0
BFA,2005,3.9411299,56.698261,13.37233,23.52,BFA,1,1
BFA,2006,3.9821899,60.375,14.15446,22.469999,BFA,1,1
BFA,2007,4.0798202,65.889183,15.27937,27.879999,BFA,1,1
BFA,2008,,71.366219,17.99474,,BFA,0,0
BFA,2009,,75.785896,19.43535,,BFA,0,0
BFA,2010,3.5022299,76.405533,21.17802,,BFA,1,1
BFA,2011,3.9851501,79.732216,23.176437,,BFA,1,1
BFA,2012,3.6031599,81.981743,25.239967,,BFA,1,1
BFA,2013,4.0834398,83.289093,27.600887,,BFA,1,1
BFA,2014,4.0532999,84.553871,29.566874,34.599998,BFA,1,1
BFA,2015,3.67009,85.148483,32.893135,,BFA,1,1
BFA,2016,,87.406525,34.933628,,BFA,0,0
BFA,2017,5.6284699,89.511833,37.16275,,BFA,1,1
BFA,2018,5.4886098,91.501976,39.627846,39.349998,BFA,1,1
BFA,2019,5.4561563,89.786156,40.077045,29.66,BFA,1,1
BFA,2020,5.211483,87.698845,39.254009,,BFA,1,1
BFA,2021,5.2491336,87.018333,38.148033,36.970001,BFA,1,1
BFA,2022,5.2945676,82.256706,33.621288,40.919998,BFA,1,1
BWA,2000,,107.46958,76.196823,,BWA,0,0
BWA,2001,,108.97391,75.300201,,BWA,0,0
BWA,2002,,109.58321,75.87957,,BWA,0,0
BWA,2003,,110.27052,76.564873,81.190002,BWA,0,0
BWA,2004,,110.61521,78.398819,,BWA,0,0
BWA,2005,10.67859,111.46208,79.563622,,BWA,1,1
BWA,2006,,112.33057,81.694839,,BWA,0,0
BWA,2007,9.04667,111.43966,82.48671,,BWA,1,1
BWA,2008,,110.97836,77.806511,,BWA,0,0
BWA,2009,9.8253002,111.21366,,,BWA,1,1
BWA,2011,10.826553,,,,BWA,0,0
BWA,2012,8.1098728,107.41198,,,BWA,1,1
BWA,2013,8.0172062,105.31556,,,BWA,1,1
BWA,2014,7.888742,101.61661,,,BWA,1,1
BWA,2015,8.3945799,101.62335,,,BWA,1,1
BWA,2016,8.7358932,,,,BWA,0,0
BWA,2017,7.8092446,,,,BWA,0,0
BWA,2018,7.905386,,,,BWA,0,0
BWA,2019,8.3989964,,,,BWA,0,0
BWA,2020,8.0583363,,,,BWA,0,0
BWA,2021,,104.61998,70.629257,,BWA,0,0
BWA,2022,,109.27325,,,BWA,0,0
CAF,2000,1.61265,,,50.650002,CAF,0,0
CAF,2001,,68.312767,10.97985,,CAF,0,0
CAF,2002,1.51957,60.431149,10.99624,,CAF,1,1
CAF,2003,1.53979,59.68718,,,CAF,1,1
CAF,2004,1.62453,51.28706,,,CAF,1,1
CAF,2005,1.65222,57.085091,,,CAF,1,1
CAF,2006,1.41506,56.701031,,,CAF,1,1
CAF,2007,1.31332,65.553459,,,CAF,1,1
CAF,2008,1.29001,75.850349,,,CAF,1,1
CAF,2009,1.25458,77.429916,11.99552,,CAF,1,1
CAF,2010,1.11761,81.278954,,,CAF,1,1
CAF,2011,1.1079201,81.350403,15.91896,,CAF,1,1
CAF,2012,1.9803473,81.931503,15.61976,,CAF,1,1
CAF,2013,2.6382143,,,,CAF,0,0
CAF,2014,2.2201533,,,,CAF,0,0
CAF,2015,1.9102286,,,,CAF,0,0
CAF,2016,1.754089,96.812599,13.94655,,CAF,1,1
CAF,2017,1.7536502,,15.80744,,CAF,0,0
CAF,2018,1.565876,,,,CAF,0,0
CAF,2019,1.7679207,,,42.439999,CAF,0,0
CAF,2020,2.1446805,,,,CAF,0,0
CAF,2021,1.8725169,,,,CAF,0,0
CAF,2022,2.1150913,,,,CAF,0,0
CIV,2000,2.40031,64.529488,,48.740002,CIV,1,1
CIV,2001,2.4447701,66.335121,,,CIV,1,1
CIV,2002,2.8104701,66.868591,,,CIV,1,1
CIV,2003,2.8643799,63.023918,,,CIV,1,1
CIV,2004,2.9117601,,,,CIV,0,0
CIV,2005,2.91943,,,,CIV,0,0
CIV,2006,2.8199899,59.55505,,,CIV,1,1
CIV,2007,3.01615,59.463112,,,CIV,1,1
CIV,2008,3.0985301,62.300468,,,CIV,1,1
CIV,2009,3.1739399,63.079281,,,CIV,1,1
CIV,2010,3.24651,,,,CIV,0,0
CIV,2011,2.8657501,73.564163,,,CIV,1,1
CIV,2012,3.4344599,78.286057,,,CIV,1,1
CIV,2013,3.45859,80.749847,,,CIV,1,1
CIV,2014,3.3141699,83.7491,40.462994,43.91,CIV,1,1
CIV,2015,3.4941299,85.262802,43.986565,,CIV,1,1
CIV,2016,3.93593,87.969185,46.242508,50.040001,CIV,1,1
CIV,2017,3.7365401,88.2052,49.086357,,CIV,1,1
CIV,2018,3.2116499,88.210938,51.072613,,CIV,1,1
CIV,2019,3.41307,88.47477,53.791931,56.95924,CIV,1,1
CIV,2020,3.7867401,88.626663,55.438034,,CIV,1,1
CIV,2021,3.3271799,85.830086,57.135967,50,CIV,1,1
CIV,2022,3.4748499,86.454582,54.071411,,CIV,1,1
CMR,2000,1.70285,88.488953,28.46064,68.410004,CMR,1,1
CMR,2001,2.2973399,104.27831,33.583279,,CMR,1,1
CMR,2002,,104.31628,29.341881,,CMR,0,0
CMR,2003,2.8225901,104.62637,30.93568,,CMR,1,1
CMR,2004,2.7953,109.46471,27.509621,,CMR,1,1
CMR,2005,2.6565299,107.31694,28.0079,,CMR,1,1
CMR,2006,2.5399001,105.71222,24.40801,,CMR,1,1
CMR,2007,2.87815,107.51403,33.449718,70.68,CMR,1,1
CMR,2008,2.49826,107.60605,37.848808,,CMR,1,1
CMR,2009,2.9079001,109.50219,41.774361,,CMR,1,1
CMR,2010,2.8480201,111.2347,,71.190002,CMR,1,1
CMR,2011,2.6533599,110.01914,49.873245,,CMR,1,1
CMR,2012,2.60305,114.35423,53.102089,,CMR,1,1
CMR,2013,2.6554699,,54.901279,,CMR,0,0
CMR,2014,2.5839601,115.3042,59.125355,,CMR,1,1
CMR,2015,2.6579101,117.75357,60.49609,,CMR,1,1
CMR,2016,2.56234,117.17304,61.403706,,CMR,1,1
CMR,2017,3.0596199,111.22139,,,CMR,1,1
CMR,2018,3.0309601,104.33421,,72.550003,CMR,1,1
CMR,2019,3.0473995,106.7548,,,CMR,1,1
CMR,2020,3.1039014,,,,CMR,0,0
CMR,2021,2.8493075,110.10779,45.525578,,CMR,1,1
CMR,2022,2.6595237,112.49464,45.606674,,CMR,1,1
COD,2001,,,,67.169998,COD,0,0
COD,2002,,61.0336,,,COD,0,0
COD,2007,,83.549423,33.618561,,COD,0,0
COD,2008,,91.886948,35.837639,,COD,0,0
COD,2009,,91.9077,37.393841,,COD,0,0
COD,2010,1.5249799,92.086098,37.038792,,COD,1,1
COD,2011,,93.522392,38.949921,,COD,0,0
COD,2012,,98.24398,38.801231,75.019997,COD,0,0
COD,2013,2.0622001,99.912903,38.514042,,COD,1,1
COD,2014,1.95143,103.85772,41.178391,,COD,1,1
COD,2015,2.17044,102.05651,42.180462,,COD,1,1
COD,2016,2.11869,,,77.040001,COD,0,0
COD,2017,1.45495,,,,COD,0,0
COD,2018,,111.48867,,73.550003,COD,0,0
COD,2020,2.6226385,115.89829,,65.682877,COD,1,1
COD,2021,2.6604848,120.06845,55.363628,,COD,1,1
COD,2022,2.8446651,,,,COD,0,0
COG,2000,,83.168701,,,COG,0,0
COG,2001,,96.804558,,,COG,0,0
COG,2002,3.2083199,99.140373,36.971619,,COG,1,1
COG,2003,2.8361599,94.045242,38.033691,,COG,1,1
COG,2004,2.28813,105.24638,42.68132,,COG,1,1
COG,2005,1.68102,105.24494,,76.110001,COG,1,1
COG,2006,,106.36948,,,COG,0,0
COG,2007,,104.983,,,COG,0,0
COG,2008,,103.22724,,,COG,0,0
COG,2009,,107.3012,,,COG,0,0
COG,2010,5.6867299,109.02365,,,COG,1,1
COG,2011,2.6465297,108.5051,,,COG,1,1
COG,2012,2.7392306,105.51423,50.520321,,COG,1,1
COG,2013,5.0138812,,,,COG,0,0
COG,2014,3.18256,,,,COG,0,0
COG,2015,3.1388299,,,,COG,0,0
COG,2016,4.871141,,,,COG,0,0
COG,2017,4.1723599,,,,COG,0,0
COG,2018,2.7716701,87.462112,,,COG,1,1
COG,2019,3.2471642,,,,COG,0,0
COG,2020,4.2220888,,,,COG,0,0
COG,2021,3.3128154,,,,COG,0,0
COG,2022,2.7273824,,,,COG,0,0
COM,2000,,93.009903,,68.25,COM,0,0
COM,2002,2.25842,102.24846,35.042671,,COM,1,1
COM,2003,,100.249,38.922001,,COM,0,0
COM,2004,,97.923782,42.553471,,COM,0,0
COM,2007,,96.80909,,,COM,0,0
COM,2008,4.4226499,103.06367,,,COM,1,1
COM,2011,2.8304501,111.27509,,,COM,1,1
COM,2012,2.7478399,,,,COM,0,0
COM,2013,2.38276,115.58347,58.998581,,COM,1,1
COM,2014,2.74473,113.57984,61.507877,73.649498,COM,1,1
COM,2015,2.5450599,,,,COM,0,0
COM,2017,,106.2193,56.950214,,COM,0,0
COM,2018,,107.06191,61.701469,,COM,0,0
COM,2020,2.3780508,,,,COM,0,0
COM,2021,2.2748539,86.817528,,75.620201,COM,1,1
COM,2022,2.4316442,98.071793,54.805729,,COM,1,1
CPV,2000,,116.19644,65.055138,,CPV,0,0
CPV,2001,,115.44879,63.207851,,CPV,0,0
CPV,2002,7.8768201,115.54415,66.399986,,CPV,1,1
CPV,2003,,114.57284,67.327408,,CPV,0,0
CPV,2004,7.4766402,112.93459,66.940041,,CPV,1,1
CPV,2005,,112.19192,70.263603,,CPV,0,0
CPV,2006,6.5296001,112.30107,81.583488,,CPV,1,1
CPV,2007,4.9598298,110.92795,80.471046,,CPV,1,1
CPV,2008,5.0346498,109.96944,82.108887,,CPV,1,1
CPV,2009,4.86588,108.62046,81.225693,82.218956,CPV,1,1
CPV,2010,5.07657,107.55553,83.547134,,CPV,1,1
CPV,2011,4.5978599,107.47831,86.700012,,CPV,1,1
CPV,2012,5.3976955,108.38814,89.963409,85.330002,CPV,1,1
CPV,2013,4.5615602,108.02074,94.752609,,CPV,1,1
CPV,2014,4.5213399,107.53603,93.607468,,CPV,1,1
CPV,2015,4.8062201,105.85045,96.601227,86.790001,CPV,1,1
CPV,2016,4.7547598,104.43385,98.252846,,CPV,1,1
CPV,2017,4.5927801,104.15402,99.462784,,CPV,1,1
CPV,2018,4.7879229,105.84561,94.897202,,CPV,1,1
CPV,2019,4.1652899,105.20866,95.29023,,CPV,1,1
CPV,2020,7.094007,103.42828,98.309303,,CPV,1,1
CPV,2021,6.1549029,103.02597,97.005928,,CPV,1,1
CPV,2022,4.7252555,102.97301,96.431595,,CPV,1,1
DJI,2000,9.6599998,,,,DJI,0,0
DJI,2001,7.8053999,,,,DJI,0,0
DJI,2002,8.4475899,,,,DJI,0,0
DJI,2003,8.8898897,,,,DJI,0,0
DJI,2004,9.2646704,,,,DJI,0,0
DJI,2005,8.3658895,,,,DJI,0,0
DJI,2006,8.27878,,,,DJI,0,0
DJI,2007,8.40625,,,,DJI,0,0
DJI,2010,4.4902201,,,,DJI,0,0
DJI,2012,6.3512754,,,,DJI,0,0
DJI,2013,4.6478252,,,,DJI,0,0
DJI,2014,4.3840752,,,,DJI,0,0
DJI,2015,3.5989599,,,,DJI,0,0
DJI,2016,3.92226,,,,DJI,0,0
DJI,2017,3.7334499,,,,DJI,0,0
DJI,2018,3.75143,,,,DJI,0,0
DZA,2000,,109.7344,64.595421,,DZA,0,0
DZA,2001,,109.01784,68.763298,,DZA,0,0
DZA,2002,,110.67728,72.583069,69.870003,DZA,0,0
DZA,2003,,111.38779,75.435867,,DZA,0,0
DZA,2004,,111.65513,79.62986,,DZA,0,0
DZA,2005,,112.39859,81.856369,,DZA,0,0
DZA,2006,,112.07709,83.481194,72.650002,DZA,0,0
DZA,2007,,112.33448,73.517822,,DZA,0,0
DZA,2008,4.1114202,110.91095,80.23114,75.139999,DZA,1,1
DZA,2009,,113.49189,96.39296,,DZA,0,0
DZA,2010,8.6917706,113.80703,100.73978,,DZA,1,1
DZA,2011,9.1245346,112.73376,103.18427,,DZA,1,1
DZA,2012,7.0295091,112.06775,,,DZA,1,1
DZA,2013,6.6590605,112.33663,,,DZA,1,1
DZA,2014,6.5488982,111.14484,,,DZA,1,1
DZA,2015,6.1763301,109.58479,,,DZA,1,1
DZA,2016,6.5021086,109.0723,,,DZA,1,1
DZA,2017,5.7348237,108.06227,,,DZA,1,1
DZA,2018,5.8127513,107.09512,,,DZA,1,1
DZA,2019,5.5753655,106.06751,,,DZA,1,1
DZA,2020,6.1939173,108.53194,,,DZA,1,1
DZA,2021,5.5140328,104.73976,,,DZA,1,1
DZA,2022,4.7492466,105.74715,104.55027,,DZA,1,1
EGY,2000,,89.098427,77.833946,,EGY,0,0
EGY,2001,,88.593384,79.38974,,EGY,0,0
EGY,2002,,88.99305,78.817413,,EGY,0,0
EGY,2003,4.9456301,89.300949,78.506607,,EGY,1,1
EGY,2004,4.6707201,89.38018,77.78418,,EGY,1,1
EGY,2005,4.7944298,89.011162,,67.330002,EGY,1,1
EGY,2006,4.00178,90.01284,,66.370003,EGY,1,1
EGY,2007,3.6846099,90.524147,,,EGY,1,1
EGY,2008,3.7608299,,,,EGY,0,0
EGY,2009,,91.209648,63.2155,,EGY,0,0
EGY,2010,,90.947762,64.729637,72.050003,EGY,0,0
EGY,2011,,87.469734,72.548759,,EGY,0,0
EGY,2012,,91.860161,73.01825,73.870003,EGY,0,0
EGY,2013,,91.581963,73.895447,72.440002,EGY,0,0
EGY,2014,,89.187408,73.372345,,EGY,0,0
EGY,2016,,90.113052,75.752411,,EGY,0,0
EGY,2017,,90.651512,76.433762,71.169998,EGY,0,0
EGY,2018,,92.69091,76.981621,,EGY,0,0
EGY,2019,,94.250084,77.909401,,EGY,0,0
EGY,2020,,95.643303,79.654472,,EGY,0,0
EGY,2021,,97.00106,81.883347,82.080383,EGY,0,0
EGY,2022,,89.510086,,79.453163,EGY,0,0
ERI,2000,,95.337822,45.26355,,ERI,0,0
ERI,2001,4.0471601,94.526062,45.815708,,ERI,1,1
ERI,2002,3.5239,101.33185,46.530258,52.509998,ERI,1,1
ERI,2003,,107.54042,47.332169,,ERI,0,0
ERI,2004,3.1489699,106.52567,47.405239,,ERI,1,1
ERI,2005,,103.57465,51.60014,,ERI,0,0
ERI,2006,2.1270001,97.037178,53.119259,,ERI,1,1
ERI,2007,,87.202904,50.13385,,ERI,0,0
ERI,2008,,81.143433,51.394581,64.660004,ERI,0,0
ERI,2009,,77.921181,51.813019,,ERI,0,0
ERI,2010,,73.636848,51.56086,,ERI,0,0
ERI,2011,,79.174316,51.839882,,ERI,0,0
ERI,2012,,82.643898,52.707932,,ERI,0,0
ERI,2013,,92.676552,51.346191,,ERI,0,0
ERI,2014,,83.275146,50.665379,,ERI,0,0
ERI,2015,,82.366951,46.171501,,ERI,0,0
ERI,2017,,78.349472,44.91106,,ERI,0,0
ERI,2018,,78.791649,46.172379,,ERI,0,0
ERI,2022,,89.731247,44.044128,,ERI,0,0
ETH,2000,3.8861499,52.238731,14.45132,,ETH,1,1
ETH,2001,3.70029,57.130699,17.343019,,ETH,1,1
ETH,2002,3.6324501,59.604359,19.19392,,ETH,1,1
ETH,2003,,60.702141,19.566771,,ETH,0,0
ETH,2004,,63.565708,21.477051,35.900002,ETH,0,0
ETH,2005,,74.509689,23.854879,,ETH,0,0
ETH,2006,5.4909401,79.232933,27.47757,,ETH,1,1
ETH,2007,5.4511099,85.469727,30.25135,39,ETH,1,1
ETH,2008,5.4081998,91.453018,31.31093,,ETH,1,1
ETH,2009,4.42207,90.341942,31.649019,,ETH,1,1
ETH,2010,4.4965901,88.51104,33.047859,,ETH,1,1
ETH,2011,5.4857702,90.628258,34.446899,,ETH,1,1
ETH,2012,5.5667701,89.925323,36.219349,,ETH,1,1
ETH,2013,4.4985499,,,48.354973,ETH,0,0
ETH,2014,4.6020198,93.114586,,,ETH,1,1
ETH,2015,4.7379189,94.085754,33.911423,,ETH,1,1
ETH,2016,5.0615139,,,47.490002,ETH,0,0
ETH,2017,5.4990506,101.22399,,,ETH,1,1
ETH,2018,5.2201118,,,,ETH,0,0
ETH,2019,4.4808693,,,55.049999,ETH,0,0
ETH,2020,4.0905652,112.67017,,,ETH,1,1
ETH,2021,4.065249,101.33892,,54.885368,ETH,1,1
ETH,2022,3.736495,84.631775,,60.459999,ETH,1,1
GAB,2000,3.82709,,,,GAB,0,0
GAB,2001,,129.56665,48.617519,,GAB,0,0
GAB,2002,,135.68646,49.434879,,GAB,0,0
GAB,2003,,133.13985,,,GAB,0,0
GAB,2010,3.07809,,,,GAB,0,0
GAB,2011,2.9874599,129.776,,,GAB,1,1
GAB,2012,3.0134001,,,,GAB,0,0
GAB,2013,3.0297101,,,,GAB,0,0
GAB,2014,2.6666701,,,,GAB,0,0
GAB,2015,2.8243599,,,,GAB,0,0
GAB,2016,2.6677308,,,,GAB,0,0
GAB,2017,3.5557079,,,,GAB,0,0
GAB,2018,3.071543,,,,GAB,0,0
GAB,2019,2.8743098,100.1716,70.264,,GAB,1,1
GAB,2020,3.3987408,,,,GAB,0,0
GAB,2021,2.7007928,,,88.860001,GAB,0,0
GAB,2022,2.2077365,,,,GAB,0,0
GHA,2000,,79.940376,32.577591,57.900002,GHA,0,0
GHA,2001,5.3544402,75.419594,30.94339,,GHA,1,1
GHA,2002,,78.84758,32.267578,,GHA,0,0
GHA,2003,,76.309349,33.654789,,GHA,0,0
GHA,2004,7.5355802,80.225441,36.14455,,GHA,1,1
GHA,2005,7.42208,86.702469,38.127689,,GHA,1,1
GHA,2006,5.1479402,91.233276,39.847488,,GHA,1,1
GHA,2007,5.5198698,95.995651,43.759521,,GHA,1,1
GHA,2008,5.7579598,100.84149,46.059582,,GHA,1,1
GHA,2009,5.31744,99.077362,47.927719,,GHA,1,1
GHA,2010,5.5405998,,,71.5,GHA,0,0
GHA,2011,8.1409702,99.413078,55.60693,,GHA,1,1
GHA,2012,7.9191399,102.0687,56.732601,,GHA,1,1
GHA,2013,4.5764499,101.08945,68.199142,,GHA,1,1
GHA,2014,4.3997898,99.560089,63.974571,,GHA,1,1
GHA,2015,4.4340401,103.21313,67.04866,60.198105,GHA,1,1
GHA,2016,4.3945198,101.75111,67.264412,,GHA,1,1
GHA,2017,3.5336299,100.4789,66.635948,64.489998,GHA,1,1
GHA,2018,3.8861301,98.681389,68.22226,,GHA,1,1
GHA,2019,3.1530712,99.875031,71.187698,,GHA,1,1
GHA,2020,3.4091599,98.404892,74.010216,,GHA,1,1
GHA,2021,3.4005044,99.450943,76.208473,76.489998,GHA,1,1
GHA,2022,2.9096384,98.231895,77.816872,,GHA,1,1
GIN,2000,1.77865,58.381229,,,GIN,1,1
GIN,2001,1.42785,61.127022,18.49859,,GIN,1,1
GIN,2002,1.77897,69.435402,21.22477,,GIN,1,1
GIN,2003,1.62613,72.668716,22.6574,29.700001,GIN,1,1
GIN,2004,1.51569,75.542358,24.645531,,GIN,1,1
GIN,2005,1.26815,77.486198,29.027321,,GIN,1,1
GIN,2006,,79.183594,32.297089,,GIN,0,0
GIN,2007,,81.362549,,,GIN,0,0
GIN,2008,1.58112,82.752747,33.238091,,GIN,1,1
GIN,2009,2.2072501,82.911079,,,GIN,1,1
GIN,2010,2.5511899,85.616867,,25.309999,GIN,1,1
GIN,2011,2.28742,89.374489,36.746479,,GIN,1,1
GIN,2012,1.8336999,91.492462,36.87669,,GIN,1,1
GIN,2013,2.6342199,93.530128,,,GIN,1,1
GIN,2014,2.4228101,95.151779,38.554878,32,GIN,1,1
GIN,2015,2.5171399,,,,GIN,0,0
GIN,2016,2.5445001,93.113258,,,GIN,1,1
GIN,2017,2.3203399,,,,GIN,0,0
GIN,2018,2.38432,,,39.619999,GIN,0,0
GIN,2019,1.85812,,,,GIN,0,0
GIN,2020,2.44806,100.47452,,,GIN,1,1
GIN,2021,2.0407481,,,,GIN,0,0
GIN,2022,2.0072231,,,,GIN,0,0
GMB,2000,1.46587,70.985023,,36.82,GMB,1,1
GMB,2001,1.1581,71.411743,,,GMB,1,1
GMB,2002,1.44292,69.332428,,,GMB,1,1
GMB,2003,1.36338,72.404167,,,GMB,1,1
GMB,2004,.62247002,73.579399,,,GMB,1,1
GMB,2005,.69187999,72.190887,,,GMB,1,1
GMB,2006,.75163001,71.475967,,,GMB,1,1
GMB,2007,.81686002,73.950882,,,GMB,1,1
GMB,2008,2.1812999,73.556618,45.29129,,GMB,1,1
GMB,2009,1.9081399,73.409653,46.21447,,GMB,1,1
GMB,2010,2.56322,73.459984,45.535141,,GMB,1,1
GMB,2011,2.5011699,72.190666,,,GMB,1,1
GMB,2012,2.6375699,75.459267,,,GMB,1,1
GMB,2013,1.81839,77.531891,,,GMB,1,1
GMB,2014,2.2309401,80.671272,,,GMB,1,1
GMB,2015,2.1600299,83.676781,,50.779999,GMB,1,1
GMB,2016,2.02443,85.496819,,,GMB,1,1
GMB,2017,2.4591944,88.691574,,,GMB,1,1
GMB,2018,2.3654399,91.480331,,53.16,GMB,1,1
GMB,2019,2.8080971,95.096581,,,GMB,1,1
GMB,2020,2.8873458,96.882706,,,GMB,1,1
GMB,2021,3.0447769,96.32354,107.02712,51.639999,GMB,1,1
GMB,2022,2.8916874,97.278175,,,GMB,1,1
GNB,2000,,75.500298,17.928921,41.360001,GNB,0,0
GNB,2001,,89.762016,,,GNB,0,0
GNB,2004,,107.9775,,,GNB,0,0
GNB,2005,,114.70054,32.1273,,GNB,0,0
GNB,2006,,119.65599,34.396641,,GNB,0,0
GNB,2010,1.68222,113.43678,,,GNB,1,1
GNB,2011,1.7659301,,,,GNB,0,0
GNB,2012,1.88638,,,,GNB,0,0
GNB,2013,2.0102701,,,,GNB,0,0
GNB,2019,,,,54.880001,GNB,0,0
GNB,2022,,,,63.93,GNB,0,0
GNQ,2000,,81.569878,21.753519,88.309998,GNQ,0,0
GNQ,2001,,82.340408,18.699381,,GNQ,0,0
GNQ,2002,,78.56678,18.118879,,GNQ,0,0
GNQ,2003,,71.197906,,,GNQ,0,0
GNQ,2005,,68.386353,17.75948,,GNQ,0,0
GNQ,2008,,57.20422,,,GNQ,0,0
GNQ,2009,,56.32077,,,GNQ,0,0
GNQ,2010,,56.021999,,,GNQ,0,0
GNQ,2011,,54.6866,,,GNQ,0,0
GNQ,2012,,54.972549,,,GNQ,0,0
GNQ,2015,,47.548649,,,GNQ,0,0
KEN,2000,5.1867299,94.25724,40.961788,82.230003,KEN,1,1
KEN,2001,5.2062101,95.150917,41.685711,,KEN,1,1
KEN,2002,6.1719999,89.249191,41.861019,,KEN,1,1
KEN,2003,6.4942899,103.90389,43.581131,,KEN,1,1
KEN,2004,6.7969398,103.72943,47.117939,,KEN,1,1
KEN,2005,7.33565,103.62956,47.263592,,KEN,1,1
KEN,2006,7.0498199,101.20199,48.81311,,KEN,1,1
KEN,2007,,107.58271,50.871361,,KEN,0,0
KEN,2008,,107.07647,57.035351,,KEN,0,0
KEN,2009,,107.94574,57.740711,,KEN,0,0
KEN,2010,4.8154898,,,,KEN,0,0
KEN,2011,4.70013,,,,KEN,0,0
KEN,2012,4.9312201,111.42223,,,KEN,1,1
KEN,2013,4.8372102,,,,KEN,0,0
KEN,2014,4.7172999,107.14122,,,KEN,1,1
KEN,2015,4.7434902,104.78009,72.575089,,KEN,1,1
KEN,2016,4.8951802,104.11485,74.469856,,KEN,1,1
KEN,2017,4.9630899,101.95789,,,KEN,1,1
KEN,2018,5.1076198,99.770424,,,KEN,1,1
KEN,2019,5.3735919,77.513222,,,KEN,1,1
KEN,2020,5.0457487,91.954247,,,KEN,1,1
KEN,2021,4.8904018,93.766907,80.377426,,KEN,1,1
KEN,2022,4.5110178,98.551964,83.773819,,KEN,1,1
LBR,2000,,108.48388,34.139778,,LBR,0,0
LBR,2006,,89.20623,,,LBR,0,0
LBR,2008,1.70166,88.425034,,,LBR,1,1
LBR,2009,,95.983276,,,LBR,0,0
LBR,2010,,,,59.40303,LBR,0,0
LBR,2011,,100.74574,43.647949,,LBR,0,0
LBR,2012,1.77712,,,,LBR,0,0
LBR,2013,1.69078,52.197704,,,LBR,1,1
LBR,2014,2.2000501,92.553017,36.769562,,LBR,1,1
LBR,2015,2.1158748,89.990044,36.372849,,LBR,1,1
LBR,2016,2.1147969,83.889114,,,LBR,1,1
LBR,2017,2.6633,79.59523,,,LBR,1,1
LBR,2018,2.5039101,,,,LBR,0,0
LBR,2019,2.165082,,,,LBR,0,0
LBR,2020,2.1360142,72.422829,37.74168,,LBR,1,1
LBR,2021,2.4236,67.462715,,,LBR,1,1
LBR,2022,2.2760961,66.593925,,,LBR,1,1
LBY,2001,,112.97652,,,LBY,0,0
LBY,2002,,110.52322,110.58644,,LBY,0,0
LBY,2003,,108.35965,106.75564,,LBY,0,0
LBY,2004,,108.33387,,,LBY,0,0
LBY,2005,,102.51218,93.685158,,LBY,0,0
LBY,2006,,106.99824,97.609512,,LBY,0,0
LSO,2000,10.09155,108.97637,28.757681,86.25,LSO,1,1
LSO,2001,9.3650503,112.82822,30.274771,,LSO,1,1
LSO,2002,10.10045,116.67521,31.232941,,LSO,1,1
LSO,2003,13.21957,122.54536,32.032001,,LSO,1,1
LSO,2004,11.10901,124.34705,34.448872,,LSO,1,1
LSO,2005,12.07966,125.9381,36.76844,,LSO,1,1
LSO,2006,11.27128,129.97635,38.408611,66.099998,LSO,1,1
LSO,2007,,124.02805,41.556252,,LSO,0,0
LSO,2008,12.32874,122.51394,44.750881,,LSO,1,1
LSO,2009,,119.62033,49.193729,,LSO,0,0
LSO,2010,,118.57386,54.242699,,LSO,0,0
LSO,2011,,117.18153,56.950642,,LSO,0,0
LSO,2012,,115.30793,59.077202,,LSO,0,0
LSO,2013,,110.49309,57.759071,,LSO,0,0
LSO,2014,,107.84388,58.257565,,LSO,0,0
LSO,2015,7.6427207,105.21726,59.39851,,LSO,1,1
LSO,2016,7.552474,104.24937,56.838699,97.269997,LSO,1,1
LSO,2017,8.1553202,105.55925,59.35865,,LSO,1,1
LSO,2018,7.2836099,96.005203,,86.239998,LSO,1,1
LSO,2019,,91.27874,,92.396164,LSO,0,0
LSO,2020,,87.744736,,,LSO,0,0
LSO,2021,,85.036621,,,LSO,0,0
LSO,2022,,83.6343,,,LSO,0,0
MAR,2000,,93.779068,39.69249,,MAR,0,0
MAR,2001,,98.267349,41.315659,,MAR,0,0
MAR,2002,,103.36323,43.096909,,MAR,0,0
MAR,2003,,105.97434,44.65144,,MAR,0,0
MAR,2004,,106.01558,47.396439,52.310001,MAR,0,0
MAR,2005,,105.91475,49.154789,,MAR,0,0
MAR,2006,,104.96371,52.225819,,MAR,0,0
MAR,2007,,105.59766,55.34586,,MAR,0,0
MAR,2008,4.8533902,104.36217,57.666561,55.150002,MAR,1,1
MAR,2009,4.8311901,104.07991,60.741821,56.080002,MAR,1,1
MAR,2010,,107.16674,63.075798,,MAR,0,0
MAR,2011,,108.87218,66.025528,67.080002,MAR,0,0
MAR,2012,5.5529485,108.77377,68.73587,69.160004,MAR,1,1
MAR,2013,,108.13087,,,MAR,0,0
MAR,2014,5.4827604,107.31952,,64.260002,MAR,1,1
MAR,2015,5.133369,106.04626,,,MAR,1,1
MAR,2016,5.0853019,105.89781,,,MAR,1,1
MAR,2017,4.7356496,106.85601,78.215729,,MAR,1,1
MAR,2018,4.960227,108.26313,78.470917,,MAR,1,1
MAR,2019,5.0032568,110.07294,79.344048,,MAR,1,1
MAR,2020,6.2842827,112.35403,80.3088,,MAR,1,1
MAR,2021,5.6427341,112.94088,80.740395,,MAR,1,1
MAR,2022,5.9122467,116.55465,84.455376,,MAR,1,1
MDG,2000,2.4386899,95.847427,,70.690002,MDG,1,1
MDG,2001,2.7072001,96.349411,,,MDG,1,1
MDG,2002,2.2317901,96.687683,,,MDG,1,1
MDG,2003,2.61095,110.2662,,,MDG,1,1
MDG,2004,2.8126199,124.89672,,,MDG,1,1
MDG,2005,3.3096299,128.54791,20.32851,,MDG,1,1
MDG,2006,2.83097,127.91927,22.883181,,MDG,1,1
MDG,2007,2.90274,129.29437,25.211201,,MDG,1,1
MDG,2008,2.5543399,132.6192,27.46336,,MDG,1,1
MDG,2009,2.82513,140.26636,28.568211,,MDG,1,1
MDG,2010,2.2885616,135.67319,,,MDG,1,1
MDG,2011,2.38168,135.66302,34.119808,,MDG,1,1
MDG,2012,2.3406701,136.43559,35.392014,71.57,MDG,1,1
MDG,2013,1.77695,136.43648,,,MDG,1,1
MDG,2014,2.3812301,137.44579,35.814869,,MDG,1,1
MDG,2015,2.21012,138.83321,36.12077,,MDG,1,1
MDG,2016,2.6871901,134.67659,36.076511,,MDG,1,1
MDG,2017,2.7013741,139.18668,34.77095,,MDG,1,1
MDG,2018,2.8441,132.6893,34.62661,76.68,MDG,1,1
MDG,2019,3.0133839,124.94658,32.816174,,MDG,1,1
MDG,2020,3.2544339,126.5858,,,MDG,1,1
MDG,2021,3.1980755,140.26566,34.132034,74.690002,MDG,1,1
MDG,2022,3.0677283,132.88782,,,MDG,1,1
MLI,2000,2.97156,52.935452,15.65292,,MLI,1,1
MLI,2001,2.6584499,57.45277,,,MLI,1,1
MLI,2002,2.89623,61.166729,,,MLI,1,1
MLI,2003,3.8055899,63.119171,19.76796,24,MLI,1,1
MLI,2004,2.9591899,66.446747,21.50152,,MLI,1,1
MLI,2005,2.74722,69.796318,23.26519,,MLI,1,1
MLI,2006,,72.469048,25.18288,26.18,MLI,0,0
MLI,2007,,74.726677,27.690439,,MLI,0,0
MLI,2008,2.7308099,76.574799,31.03813,,MLI,1,1
MLI,2009,3.1438501,77.820877,34.035542,,MLI,1,1
MLI,2010,2.70854,78.284317,36.718922,31.1,MLI,1,1
MLI,2011,3.1461401,78.665642,38.749214,30.620001,MLI,1,1
MLI,2012,2.9070699,75.389809,,,MLI,1,1
MLI,2013,2.7583699,70.873428,39.27581,,MLI,1,1
MLI,2014,3.0929999,71.821579,41.234913,,MLI,1,1
MLI,2015,3.1969099,70.520973,38.989223,33.07,MLI,1,1
MLI,2016,2.5924499,71.869308,40.099995,,MLI,1,1
MLI,2017,3.18064,74.673378,38.54858,,MLI,1,1
MLI,2018,2.9821899,70.368958,37.983269,35.470001,MLI,1,1
MLI,2019,3.00001,,,,MLI,0,0
MLI,2020,3.33676,,,,MLI,0,0
MLI,2021,3.66363,,,,MLI,0,0
MLI,2022,4.0451221,,,,MLI,0,0
MOZ,2000,,73.229919,5.9409599,,MOZ,0,0
MOZ,2001,,79.612473,6.6665802,,MOZ,0,0
MOZ,2002,,83.047798,8.2307596,,MOZ,0,0
MOZ,2003,,,,48.16,MOZ,0,0
MOZ,2004,3.19838,93.076393,10.5598,,MOZ,1,1
MOZ,2005,3.85834,100.05801,12.95459,,MOZ,1,1
MOZ,2006,3.73593,102.73772,15.2163,,MOZ,1,1
MOZ,2007,,109.3215,17.91374,,MOZ,0,0
MOZ,2008,,114.19458,20.172001,,MOZ,0,0
MOZ,2009,,115.10384,22.989019,50.580002,MOZ,0,0
MOZ,2010,5.245398,116.86721,25.120884,,MOZ,1,1
MOZ,2011,5.5305247,113.59905,26.015759,,MOZ,1,1
MOZ,2012,5.5575099,113.20078,25.644617,,MOZ,1,1
MOZ,2013,6.0357599,114.11883,34.443909,,MOZ,1,1
MOZ,2014,6.3992085,114.27752,33.95459,,MOZ,1,1
MOZ,2015,5.9151568,114.82838,34.528561,56.040001,MOZ,1,1
MOZ,2016,5.8008699,113.68787,,,MOZ,1,1
MOZ,2017,5.48665,111.56619,37.241192,60.66,MOZ,1,1
MOZ,2018,5.38976,115.27099,,,MOZ,1,1
MOZ,2019,5.9996953,117.86067,,,MOZ,1,1
MOZ,2020,6.1705956,118.98006,,59.779999,MOZ,1,1
MOZ,2021,6.3406358,,,,MOZ,0,0
MOZ,2022,5.9760733,119.16222,,61.665344,MOZ,1,1
MRT,2000,,81.995888,18.04767,51.209999,MRT,0,0
MRT,2001,2.1068399,80.317329,20.53693,,MRT,1,1
MRT,2002,2.2771499,81.038437,20.58893,,MRT,1,1
MRT,2003,2.36501,82.680702,21.53927,,MRT,1,1
MRT,2004,1.9507999,88.961128,22.113689,,MRT,1,1
MRT,2005,,89.07592,22.46295,,MRT,0,0
MRT,2006,1.9585,92.250458,23.17589,,MRT,1,1
MRT,2007,,94.508728,,,MRT,0,0
MRT,2008,,91.183281,18.58032,,MRT,0,0
MRT,2009,,97.033562,20.00699,,MRT,0,0
MRT,2010,,97.857162,20.4244,,MRT,0,0
MRT,2011,2.3310201,95.435959,22.75231,,MRT,1,1
MRT,2012,2.15821,94.901794,27.063896,,MRT,1,1
MRT,2013,2.29353,93.637703,30.262041,62.07,MRT,1,1
MRT,2014,2.5579643,93.902695,30.698824,,MRT,1,1
MRT,2015,2.829566,96.699364,31.196308,65.110001,MRT,1,1
MRT,2016,1.94406,88.664192,32.187588,,MRT,1,1
MRT,2017,,87.817307,31.756569,,MRT,0,0
MRT,2018,,90.219307,35.529343,,MRT,0,0
MRT,2019,1.82318,90.267197,37.579372,,MRT,1,1
MRT,2020,1.80264,93.804466,36.027702,59.529999,MRT,1,1
MRT,2021,1.89197,,,,MRT,0,0
MRT,2022,1.38966,,,,MRT,0,0
MUS,2000,3.7190299,103.12414,74.392479,84.300003,MUS,1,1
MUS,2001,3.0734799,102.97517,80.296928,,MUS,1,1
MUS,2002,3.0202401,102.72815,82.417229,,MUS,1,1
MUS,2003,4.3571801,102.18536,85.577591,,MUS,1,1
MUS,2004,4.2557602,101.85595,86.343529,,MUS,1,1
MUS,2005,4.0240202,102.09457,88.633102,,MUS,1,1
MUS,2006,3.6484001,101.59693,86.69442,,MUS,1,1
MUS,2007,3.1854,100.83757,86.721527,,MUS,1,1
MUS,2008,3.0630701,101.19456,86.221916,,MUS,1,1
MUS,2009,3.0473101,100.47887,86.6567,,MUS,1,1
MUS,2010,3.55147,100.59364,86.90731,,MUS,1,1
MUS,2011,3.3320701,100.02586,88.72229,89.25,MUS,1,1
MUS,2012,3.4182,99.366898,92.109436,91.769997,MUS,1,1
MUS,2013,3.56776,97.840118,93.798286,91.489998,MUS,1,1
MUS,2014,4.8151498,97.151871,97.075356,92.470001,MUS,1,1
MUS,2015,4.7584701,97.118675,93.968201,92.709999,MUS,1,1
MUS,2016,4.8820701,96.721603,94.436256,93.160004,MUS,1,1
MUS,2017,4.87887,96.47863,92.540337,,MUS,1,1
MUS,2018,4.67448,96.449402,91.417137,,MUS,1,1
MUS,2019,4.5419502,95.423073,93.135498,,MUS,1,1
MUS,2020,4.3524399,95.006393,89.501999,,MUS,1,1
MUS,2021,4.6715102,99.886017,,92.980019,MUS,1,1
MUS,2022,4.8408599,,,,MUS,0,0
MWI,2000,3.6061299,139.18204,31.09893,,MWI,1,1
MWI,2001,3.09834,143.61174,32.224812,,MWI,1,1
MWI,2002,,140.27284,31.325371,,MWI,0,0
MWI,2003,2.20964,,,,MWI,0,0
MWI,2004,,133.78978,28.914539,,MWI,0,0
MWI,2005,,131.8031,28.713039,,MWI,0,0
MWI,2006,,131.49432,30.564211,,MWI,0,0
MWI,2007,,128.68233,30.262609,,MWI,0,0
MWI,2008,,136.03377,32.691738,,MWI,0,0
MWI,2009,,133.76308,33.351528,,MWI,0,0
MWI,2010,2.4323699,135.95338,33.66198,,MWI,1,1
MWI,2011,2.8534601,136.57011,34.73716,,MWI,1,1
MWI,2012,2.5286119,136.60394,34.821014,,MWI,1,1
MWI,2013,3.7217,140.88914,37.847298,,MWI,1,1
MWI,2014,3.32569,140.73456,39.543568,,MWI,1,1
MWI,2015,3.8539801,139.54759,39.729145,,MWI,1,1
MWI,2016,3.2825799,137.82303,38.184368,,MWI,1,1
MWI,2017,2.76899,139.23323,39.615421,72.826675,MWI,1,1
MWI,2018,3.3229599,136.72388,38.832439,76.720001,MWI,1,1
MWI,2019,,139.27452,35.521267,,MWI,0,0
MWI,2020,,136.43619,41.456509,70.150002,MWI,0,0
MWI,2021,,127.04236,35.888592,,MWI,0,0
MWI,2022,2.7488837,126.58776,35.508492,,MWI,1,1
NAM,2000,6.9017801,113.86626,63.719341,,NAM,1,1
NAM,2001,6.8888698,112.32574,67.483261,84.940002,NAM,1,1
NAM,2002,6.7423301,111.88403,66.111191,,NAM,1,1
NAM,2003,6.1371398,112.01411,65.259422,,NAM,1,1
NAM,2004,,110.67636,64.533142,,NAM,0,0
NAM,2005,,112.36274,63.160049,,NAM,0,0
NAM,2006,6.0317101,113.17867,62.122742,,NAM,1,1
NAM,2007,,116.05363,62.757721,,NAM,0,0
NAM,2008,6.40343,116.28927,,,NAM,1,1
NAM,2009,,116.96801,,,NAM,0,0
NAM,2010,8.2433004,118.10914,68.099838,,NAM,1,1
NAM,2011,8.0213795,119.05563,72.454117,88.269997,NAM,1,1
NAM,2012,9.2428122,121.10369,74.246559,,NAM,1,1
NAM,2013,8.595417,122.73281,76.142479,,NAM,1,1
NAM,2014,3.6671116,122.71194,76.759567,,NAM,1,1
NAM,2015,9.8507681,124.62928,78.260803,,NAM,1,1
NAM,2016,10.592794,124.18271,79.260612,88.130501,NAM,1,1
NAM,2017,1.3952453,125.87493,79.533463,,NAM,1,1
NAM,2018,8.8811226,124.59168,78.862686,88.283241,NAM,1,1
NAM,2019,9.3225317,124.15535,79.012505,,NAM,1,1
NAM,2020,9.2779989,122.34525,82.887299,,NAM,1,1
NAM,2021,10.391448,121.8242,83.332954,,NAM,1,1
NAM,2022,9.3919468,120.34193,81.816368,,NAM,1,1
NER,2000,2.5650201,32.144001,6.3006301,,NER,1,1
NER,2001,2.27982,35.05072,6.23137,14.38,NER,1,1
NER,2002,2.40135,39.00563,6.2812099,,NER,1,1
NER,2003,1.93706,42.109112,6.8667898,,NER,1,1
NER,2004,,46.041828,8.3507996,,NER,0,0
NER,2005,,47.768681,9.2632399,28.67,NER,0,0
NER,2006,2.5585101,48.2523,10.6787,,NER,1,1
NER,2007,3.0146201,50.502998,10.3014,,NER,1,1
NER,2008,2.72312,54.227299,10.6593,,NER,1,1
NER,2009,3.33588,57.965889,11.19994,,NER,1,1
NER,2010,2.7219501,61.59861,12.80632,,NER,1,1
NER,2011,3.07762,65.25351,13.664321,,NER,1,1
NER,2012,3.18682,67.154892,14.803786,30.559999,NER,1,1
NER,2013,3.6895399,68.050735,15.959651,,NER,1,1
NER,2014,5.1036801,68.692253,17.845951,29.043707,NER,1,1
NER,2015,4.48669,70.893143,19.692202,,NER,1,1
NER,2016,2.9584301,72.847687,22.67004,,NER,1,1
NER,2017,2.5781801,74.378769,23.76115,,NER,1,1
NER,2018,3.4495699,,,33.049999,NER,0,0
NER,2019,3.5335863,66.772736,,,NER,1,1
NER,2020,3.819068,,,,NER,0,0
NER,2021,3.8217583,65.864243,,,NER,1,1
NER,2022,3.7123184,66.253975,,35.610001,NER,1,1
NGA,2000,,95.510162,23.961349,,NGA,0,0
NGA,2001,,92.524902,26.399981,,NGA,0,0
NGA,2002,,93.697617,28.87381,,NGA,0,0
NGA,2003,,94.809593,,54.77,NGA,0,0
NGA,2004,,95.780907,33.94812,,NGA,0,0
NGA,2005,,96.306351,33.772919,,NGA,0,0
NGA,2006,,96.662437,33.126282,70.199997,NGA,0,0
NGA,2007,,88.068848,30.423201,,NGA,0,0
NGA,2008,,79.268753,33.611279,,NGA,0,0
NGA,2009,,80.309174,37.138142,,NGA,0,0
NGA,2010,,79.83004,41.783798,,NGA,0,0
NGA,2011,,84.680557,43.023991,,NGA,0,0
NGA,2012,.54923308,85.91259,44.455791,,NGA,1,1
NGA,2013,.53420675,87.834969,52.79673,,NGA,1,1
NGA,2014,.47074255,84.121658,42.78215,,NGA,1,1
NGA,2015,.43695492,25.565756,43.824692,,NGA,1,1
NGA,2016,.39304563,78.878052,39.306808,58.220001,NGA,1,1
NGA,2017,.39635402,,,,NGA,0,0
NGA,2018,.4199985,81.627853,40.488529,,NGA,1,1
NGA,2019,.35847899,,,,NGA,0,0
NGA,2020,.35963765,84.371582,44.122089,,NGA,1,1
NGA,2021,.38191912,83.809258,45.444939,63.16,NGA,1,1
NGA,2022,.3485167,,,,NGA,0,0
RWA,2000,3.43418,118.31573,10.23894,64.889999,RWA,1,1
RWA,2001,4.8250198,121.94497,11.15075,,RWA,1,1
RWA,2002,,123.55024,12.10466,,RWA,0,0
RWA,2003,,123.16227,13.58494,,RWA,0,0
RWA,2004,,131.43446,15.3284,,RWA,0,0
RWA,2005,,138.09166,16.483101,,RWA,0,0
RWA,2006,,148.04749,18.199289,,RWA,0,0
RWA,2007,3.9850299,154.81601,20.385,,RWA,1,1
RWA,2008,3.5021501,154.72456,22.101431,,RWA,1,1
RWA,2009,,156.61426,26.55382,,RWA,0,0
RWA,2010,4.6312699,155.3158,32.402908,,RWA,1,1
RWA,2011,4.38346,154.12964,36.62101,,RWA,1,1
RWA,2012,4.42103,153.37183,39.662769,68.330002,RWA,1,1
RWA,2013,4.7421498,123.706,30.209286,,RWA,1,1
RWA,2014,4.1964402,138.31581,41.821865,70.800003,RWA,1,1
RWA,2015,3.64713,137.24319,39.409904,,RWA,1,1
RWA,2016,3.43483,140.62003,38.506237,,RWA,1,1
RWA,2017,3.1247399,139.30995,39.691212,,RWA,1,1
RWA,2018,3.07376,137.12935,41.179695,73.220001,RWA,1,1
RWA,2019,3.2382121,138.02008,44.077904,,RWA,1,1
RWA,2020,3.3330975,,,80.050003,RWA,0,0
RWA,2021,5.5898499,151.06357,44.182083,,RWA,1,1
RWA,2022,4.7421398,148.75249,44.154709,78.760002,RWA,1,1
SDN,2000,1.01218,,,61.349998,SDN,0,0
SDN,2001,,54.920738,32.29818,,SDN,0,0
SDN,2002,1.16425,55.170109,32.106339,,SDN,1,1
SDN,2003,,56.535831,33.352909,,SDN,0,0
SDN,2004,1.3125499,58.0592,36.591301,,SDN,1,1
SDN,2005,1.17843,59.39621,36.36866,,SDN,1,1
SDN,2006,1.55354,63.751518,34.656929,,SDN,1,1
SDN,2007,,63.5355,33.969131,,SDN,0,0
SDN,2008,1.8515,68.942459,35.893501,53.52,SDN,1,1
SDN,2009,2.02213,68.234337,39.492149,,SDN,1,1
SDN,2010,,67.339783,39.666779,,SDN,0,0
SDN,2011,,64.976181,35.212978,,SDN,0,0
SDN,2012,,66.060539,38.727261,,SDN,0,0
SDN,2013,,66.957031,40.943409,,SDN,0,0
SDN,2014,,67.057129,42.046989,,SDN,0,0
SDN,2015,,67.66497,42.523071,,SDN,0,0
SDN,2016,,69.85508,40.955601,,SDN,0,0
SDN,2017,,70.366478,43.090328,,SDN,0,0
SDN,2018,,72.031769,42.1367,,SDN,0,0
SDN,2019,,72.398109,43.537861,,SDN,0,0
SEN,2000,2.4633501,68.490631,15.20925,,SEN,1,1
SEN,2001,2.4715099,70.566849,15.55178,,SEN,1,1
SEN,2002,2.59442,71.613487,16.928169,39.279999,SEN,1,1
SEN,2003,2.75125,75.917976,,,SEN,1,1
SEN,2004,3.07778,78.717346,19.96575,,SEN,1,1
SEN,2005,4.0644302,80.667961,22.248249,,SEN,1,1
SEN,2006,3.8213899,80.498993,24.220881,41.889999,SEN,1,1
SEN,2007,,83.903816,,,SEN,0,0
SEN,2008,4.0256801,84.409233,30.702061,,SEN,1,1
SEN,2009,4.9207201,84.006317,,48.040001,SEN,1,1
SEN,2010,.54477,83.854904,37.126701,,SEN,1,1
SEN,2011,4.9030299,86.572449,42.636898,51.810001,SEN,1,1
SEN,2012,4.7769899,86.41156,46.415867,,SEN,1,1
SEN,2013,5.6865602,82.698547,49.07766,43.529999,SEN,1,1
SEN,2014,5.7290702,83.684456,50.546932,,SEN,1,1
SEN,2015,5.4563498,84.897079,50.538052,43.59,SEN,1,1
SEN,2016,5.11309,,,46.099998,SEN,0,0
SEN,2017,4.7400799,,,51.900002,SEN,0,0
SEN,2018,5.1101999,,,46.610001,SEN,0,0
SEN,2019,5.0352502,83.256874,44.462456,46.830002,SEN,1,1
SEN,2020,5.6869798,84.90313,44.786629,,SEN,1,1
SEN,2021,5.61201,84.061226,45.172619,,SEN,1,1
SEN,2022,5.95223,84.273323,45.375679,,SEN,1,1
SLE,2000,4.9493699,63.25008,,,SLE,1,1
SLE,2001,2.2261801,75.623894,25.54315,,SLE,1,1
SLE,2002,2.2976699,,,,SLE,0,0
SLE,2003,2.10887,,,,SLE,0,0
SLE,2004,2.0116701,,,34.830002,SLE,0,0
SLE,2005,1.81371,,,,SLE,0,0
SLE,2007,1.52012,,,,SLE,0,0
SLE,2008,1.4541301,,,,SLE,0,0
SLE,2009,1.7244101,,,,SLE,0,0
SLE,2010,1.56554,,,,SLE,0,0
SLE,2011,1.61538,114.58051,40.423569,,SLE,1,1
SLE,2012,1.7778701,117.71613,44.552292,,SLE,1,1
SLE,2013,1.56069,119.78807,39.223789,,SLE,1,1
SLE,2014,1.73754,,,44.369892,SLE,0,0
SLE,2015,3.2178628,120.70074,39.846371,49.400002,SLE,1,1
SLE,2016,1.84832,123.03165,42.13868,,SLE,1,1
SLE,2017,3.0150101,126.86391,41.531219,44.830002,SLE,1,1
SLE,2018,4.4680901,114.58024,43.11927,48.814365,SLE,1,1
SLE,2019,4.6517701,145.61749,61.198078,43.580002,SLE,1,1
SLE,2020,5.3470201,142.79213,62.56068,,SLE,1,1
SLE,2021,5.5932202,157.70976,73.42514,,SLE,1,1
SLE,2022,4.90763,163.17355,,,SLE,1,1
SOM,2007,,22.785419,6.0146899,,SOM,0,0
SOM,2018,4.0099085e-06,,,,SOM,0,0
SOM,2019,5.7328125e-06,,,63.657936,SOM,0,0
SOM,2020,6.1205437e-06,,,,SOM,0,0
SOM,2021,6.7530837e-06,,,,SOM,0,0
SOM,2022,7.2167477e-06,,,54.119999,SOM,0,0
SSD,2008,,,,26.83,SSD,0,0
SSD,2010,1.04533,,,,SSD,0,0
SSD,2011,.96289003,90.409111,10.80232,,SSD,1,1
SSD,2012,1.5767493,,,,SSD,0,0
SSD,2013,1.0245,,,,SSD,0,0
SSD,2014,1.23246,,,,SSD,0,0
SSD,2015,1.46556,70.317802,11.53481,,SSD,1,1
SSD,2016,1.5653923,,,,SSD,0,0
STP,2001,,,,84.910004,STP,0,0
STP,2002,2.7205801,120.20717,,,STP,1,1
STP,2003,3.2469299,122.29955,36.139359,,STP,1,1
STP,2004,3.23471,123.55943,39.67609,,STP,1,1
STP,2005,4.8564501,125.52219,43.002918,,STP,1,1
STP,2006,4.2711802,,,,STP,0,0
STP,2007,6.2868299,122.611,46.47451,,STP,1,1
STP,2008,5.5544901,122.418,43.614948,,STP,1,1
STP,2009,9.9942904,122.30869,49.213181,,STP,1,1
STP,2010,9.9882698,119.25336,50.278858,,STP,1,1
STP,2011,8.7941027,119.29741,48.837021,,STP,1,1
STP,2012,6.9284601,111.31437,56.33865,90.139999,STP,1,1
STP,2013,6.6850901,110.59,63.304661,,STP,1,1
STP,2014,4.4321699,106.902,74.281548,,STP,1,1
STP,2015,4.6979499,107.80378,82.400917,,STP,1,1
STP,2016,6.11516,108.67774,83.87912,,STP,1,1
STP,2017,5.8748999,110.378,90.443573,,STP,1,1
STP,2018,5.6245499,,,,STP,0,0
STP,2019,6.1057391,,,87.440002,STP,0,0
STP,2020,5.0293117,,,,STP,0,0
STP,2021,5.5398502,,,,STP,0,0
STP,2022,5.1939211,,,,STP,0,0
SWZ,2000,5.5084801,98.570183,43.303871,81.660004,SWZ,1,1
SWZ,2001,4.8382401,98.256012,43.77726,,SWZ,1,1
SWZ,2002,4.4408698,98.120552,44.738209,,SWZ,1,1
SWZ,2003,5.8167701,99.359352,44.469059,,SWZ,1,1
SWZ,2004,5.4016099,105.44483,48.346001,,SWZ,1,1
SWZ,2005,6.4846201,108.1262,50.502789,,SWZ,1,1
SWZ,2006,6.55476,112.74427,54.498791,,SWZ,1,1
SWZ,2007,,114.51503,58.369862,,SWZ,0,0
SWZ,2008,6.6181202,,,,SWZ,0,0
SWZ,2009,6.4713502,117.07175,59.570969,,SWZ,1,1
SWZ,2010,6.1183701,123.16053,64.597702,,SWZ,1,1
SWZ,2011,6.8643298,122.7048,67.235336,,SWZ,1,1
SWZ,2012,5.5932822,122.6478,69.201927,,SWZ,1,1
SWZ,2013,5.0846105,122.92561,70.808083,,SWZ,1,1
SWZ,2014,7.2809401,123.99065,73.705238,,SWZ,1,1
SWZ,2015,5.3549471,124.64579,76.287277,,SWZ,1,1
SWZ,2016,5.4335532,123.84999,82.023933,,SWZ,1,1
SWZ,2017,6.1779141,123.79426,,,SWZ,1,1
SWZ,2018,5.7368736,123.90649,,,SWZ,1,1
SWZ,2019,5.6991482,123.59685,,,SWZ,1,1
SWZ,2020,5.3254628,,,,SWZ,0,0
SWZ,2021,5.287149,,,,SWZ,0,0
SWZ,2022,5.572742,117.19574,,90.75,SWZ,1,1
SYC,2000,,118.05228,86.017036,,SYC,0,0
SYC,2001,,115.73592,78.573669,,SYC,0,0
SYC,2002,4.8810902,105.38824,74.45533,91.839996,SYC,1,1
SYC,2003,5.0517702,107.54653,77.532158,,SYC,1,1
SYC,2004,,106.23882,77.406181,,SYC,0,0
SYC,2005,,115.5991,84.536598,,SYC,0,0
SYC,2006,4.4833102,117.42613,77.854362,,SYC,1,1
SYC,2007,,125.33937,84.63121,,SYC,0,0
SYC,2008,,130.72208,81.155113,,SYC,0,0
SYC,2009,,127.47967,80.970612,,SYC,0,0
SYC,2010,,111.25369,76.172234,93.949997,SYC,0,0
SYC,2011,3.62995,111.58881,74.46608,,SYC,1,1
SYC,2012,2.54216,113.47157,84.500923,,SYC,1,1
SYC,2013,3.6184001,113.37164,84.697426,,SYC,1,1
SYC,2014,3.9524701,118.25014,89.398033,,SYC,1,1
SYC,2015,4.9146099,119.94119,92.091171,,SYC,1,1
SYC,2016,4.0213099,126.21917,101.7128,,SYC,1,1
SYC,2017,3.3461733,132.23589,112.31121,,SYC,1,1
SYC,2018,3.5944693,123.72044,108.27406,,SYC,1,1
SYC,2019,3.5588555,119.31587,100.82587,,SYC,1,1
SYC,2020,4.1870484,114.15366,102.18819,,SYC,1,1
SYC,2021,4.8654737,109.62611,102.95228,,SYC,1,1
SYC,2022,3.6585891,97.76548,76.881874,,SYC,1,1
TCD,2000,2.6467099,61.540611,10.96428,25.65,TCD,1,1
TCD,2001,2.4261401,63.899071,12.6534,,TCD,1,1
TCD,2002,,68.019753,13.43682,,TCD,0,0
TCD,2003,,70.0718,14.82955,,TCD,0,0
TCD,2004,1.59295,73.454369,15.21781,28.379999,TCD,1,1
TCD,2005,1.30189,70.307701,15.5321,,TCD,1,1
TCD,2006,,69.85746,15.86979,,TCD,0,0
TCD,2007,,68.654572,18.290991,,TCD,0,0
TCD,2008,,76.388077,20.790489,,TCD,0,0
TCD,2009,1.74367,80.870537,22.754271,,TCD,1,1
TCD,2010,1.50397,80.905281,22.369272,,TCD,1,1
TCD,2011,1.64718,87.171051,22.822481,,TCD,1,1
TCD,2012,1.52493,90.902283,22.108789,,TCD,1,1
TCD,2013,2.0669601,97.534683,24.532604,,TCD,1,1
TCD,2014,2.3203123,98.315521,22.848579,,TCD,1,1
TCD,2015,2.3428316,87.912338,22.245424,,TCD,1,1
TCD,2016,2.3884759,82.554581,22.530491,22.309999,TCD,1,1
TCD,2017,1.83902,74.213608,20.585567,,TCD,1,1
TCD,2018,2.259475,84.34388,20.002117,,TCD,1,1
TCD,2019,2.372458,83.264214,20.192877,30.629999,TCD,1,1
TCD,2020,2.739604,,,,TCD,0,0
TCD,2021,2.01649,86.145432,23.154177,,TCD,1,1
TCD,2022,2.6016119,87.034729,,,TCD,1,1
TGO,2000,2.7764499,110.80875,31.60746,53.18,TGO,1,1
TGO,2001,2.6675,112.10548,34.440269,,TGO,1,1
TGO,2002,2.4695101,113.69199,38.48703,,TGO,1,1
TGO,2003,2.3552599,111.29471,40.596889,,TGO,1,1
TGO,2004,2.2019801,110.33885,41.98637,,TGO,1,1
TGO,2005,2.2374899,109.47819,44.228008,,TGO,1,1
TGO,2006,2.4323699,113.06999,46.029968,56.889999,TGO,1,1
TGO,2007,2.4860401,107.23623,42.759789,,TGO,1,1
TGO,2008,2.3847201,107.98821,,,TGO,1,1
TGO,2009,2.76808,121.99095,,57.09,TGO,1,1
TGO,2010,2.95977,124.70951,,57.200001,TGO,1,1
TGO,2011,3.0775001,122.78407,52.77063,60.41,TGO,1,1
TGO,2012,3.3765199,125.75805,,,TGO,1,1
TGO,2013,3.1747501,126.10502,,,TGO,1,1
TGO,2014,3.42377,122.30421,,,TGO,1,1
TGO,2015,3.7109699,125.60269,,63.75,TGO,1,1
TGO,2016,3.6624801,121.47691,,,TGO,1,1
TGO,2017,3.76527,119.40569,60.769474,60.953701,TGO,1,1
TGO,2018,4.09163,117.83633,,,TGO,1,1
TGO,2019,4.201642,117.74775,,66.540001,TGO,1,1
TGO,2020,4.0852799,119.26683,,,TGO,1,1
TGO,2021,4.2270246,116.97138,63.066936,,TGO,1,1
TGO,2022,3.7781107,118.42316,,72.599998,TGO,1,1
TUN,2000,6.2019601,114.56731,72.482712,,TUN,1,1
TUN,2001,6.2018499,113.5046,74.809334,,TUN,1,1
TUN,2002,5.79006,112.2057,76.491074,,TUN,1,1
TUN,2003,6.81675,111.29524,76.059357,,TUN,1,1
TUN,2004,6.7207899,110.60699,80.003326,74.300003,TUN,1,1
TUN,2005,6.45157,109.87634,83.439232,,TUN,1,1
TUN,2006,6.4387999,107.92708,85.954269,,TUN,1,1
TUN,2007,6.46452,103.86099,89.609306,77.190002,TUN,1,1
TUN,2008,6.2715702,102.37778,91.054039,77.709999,TUN,1,1
TUN,2009,6.5284801,102.45584,88.836838,,TUN,1,1
TUN,2010,5.9630699,103.62915,88.111229,79.129997,TUN,1,1
TUN,2011,,103.61201,89.341469,79.650002,TUN,0,0
TUN,2012,5.95086,105.18863,,80.220001,TUN,1,1
TUN,2013,,106.02185,87.235703,,TUN,0,0
TUN,2014,,106.8615,84.966347,79.040001,TUN,0,0
TUN,2015,6.2204499,106.85128,85.781601,,TUN,1,1
TUN,2016,,106.04475,90.326424,,TUN,0,0
TUN,2017,,105.55292,,,TUN,0,0
TUN,2018,,105.10988,,79.480003,TUN,0,0
TUN,2019,6.1737323,,,80.550003,TUN,0,0
TUN,2020,7.2650757,103.97551,,,TUN,1,1
TUN,2021,6.6798468,104.34263,,83.68,TUN,1,1
TUN,2022,6.8049898,104.06365,,,TUN,1,1
TZA,2000,,69.492432,,,TZA,0,0
TZA,2001,,75.718117,,,TZA,0,0
TZA,2002,,90.610237,,69.43,TZA,0,0
TZA,2003,,96.861076,,,TZA,0,0
TZA,2004,3.5624599,101.59248,,,TZA,1,1
TZA,2005,3.5474701,105.03738,,,TZA,1,1
TZA,2006,3.0099199,107.45577,,,TZA,1,1
TZA,2007,4.0334301,108.75199,,,TZA,1,1
TZA,2008,4.1859102,109.17673,,,TZA,1,1
TZA,2009,3.9607501,103.46371,,,TZA,1,1
TZA,2010,4.5416999,100.1482,31.89205,,TZA,1,1
TZA,2011,4.577899,95.088463,,,TZA,1,1
TZA,2012,4.2296429,91.973503,,78.099998,TZA,1,1
TZA,2013,4.6376944,88.830093,32.385746,,TZA,1,1
TZA,2014,3.3848801,85.936478,29.631081,79.894943,TZA,1,1
TZA,2015,4.1948657,84.220772,26.09067,77.889999,TZA,1,1
TZA,2016,4.1019673,85.280098,25.643,,TZA,1,1
TZA,2017,4.4305201,89.596718,26.371162,,TZA,1,1
TZA,2018,3.69962,94.984032,28.59339,,TZA,1,1
TZA,2019,3.5968363,97.645653,30.182426,,TZA,1,1
TZA,2020,3.2309725,98.575363,30.920593,82.236099,TZA,1,1
TZA,2021,3.1151533,98.699951,28.231331,,TZA,1,1
TZA,2022,3.238245,90.615265,,78.209999,TZA,1,1
UGA,2000,2.4616699,130.16061,,,UGA,1,1
UGA,2001,,132.11548,,,UGA,0,0
UGA,2002,,135.93857,,68.139999,UGA,0,0
UGA,2003,,136.62625,,,UGA,0,0
UGA,2004,4.9523702,127.90669,19.122549,,UGA,1,1
UGA,2005,,121.47326,,,UGA,0,0
UGA,2006,,120.0999,,71.370003,UGA,0,0
UGA,2007,,119.32501,24.09111,,UGA,0,0
UGA,2008,,122.43731,,,UGA,0,0
UGA,2009,,123.94366,,,UGA,0,0
UGA,2010,1.7273999,121.31221,,73.209999,UGA,1,1
UGA,2011,2.2989099,113.87162,,,UGA,1,1
UGA,2012,1.79747,113.70003,,70.199997,UGA,1,1
UGA,2013,1.87114,112.32995,,,UGA,1,1
UGA,2014,1.9147201,,,68.510002,UGA,0,0
UGA,2015,2.3215201,104.24923,,,UGA,1,1
UGA,2016,2.1378901,106.54028,,69.099998,UGA,1,1
UGA,2017,2.2536299,106.16958,,,UGA,1,1
UGA,2018,2.1305201,,,,UGA,0,0
UGA,2019,2.3082807,,,,UGA,0,0
UGA,2020,2.5722218,,,,UGA,0,0
UGA,2021,2.635936,,,79.047653,UGA,0,0
UGA,2022,2.5610502,,,,UGA,0,0
ZAF,2000,4.9088202,92.567398,74.319382,,ZAF,1,1
ZAF,2001,4.6361799,93.35585,73.94931,,ZAF,1,1
ZAF,2002,4.5456901,95.73938,74.445023,,ZAF,1,1
ZAF,2003,4.3520999,96.928688,75.535782,,ZAF,1,1
ZAF,2004,4.5089798,97.816818,78.296661,,ZAF,1,1
ZAF,2005,4.5245099,97.532677,80.420341,,ZAF,1,1
ZAF,2006,4.5265298,98.62355,83.783348,,ZAF,1,1
ZAF,2007,4.4466801,101.15516,85.536629,88.720001,ZAF,1,1
ZAF,2008,4.3742499,102.36882,84.047348,,ZAF,1,1
ZAF,2009,4.7611899,102.59871,85.960541,92.889999,ZAF,1,1
ZAF,2010,5.1349602,103.43977,86.592201,92.879997,ZAF,1,1
ZAF,2011,5.28899,104.04604,88.944229,93.099998,ZAF,1,1
ZAF,2012,5.5232201,104.70721,92.162514,93.730003,ZAF,1,1
ZAF,2013,5.3507099,104.09109,,,ZAF,1,1
ZAF,2014,5.4897799,104.19802,101.1632,94.139999,ZAF,1,1
ZAF,2015,5.4828501,107.31212,104.62281,94.370003,ZAF,1,1
ZAF,2016,5.4442401,103.41822,103.85599,91.739998,ZAF,1,1
ZAF,2017,5.59868,101.58009,105.62317,,ZAF,1,1
ZAF,2018,5.6440101,100.42432,101.39961,,ZAF,1,1
ZAF,2019,5.9115901,101.12046,103.78912,95.019997,ZAF,1,1
ZAF,2020,6.17067,101.30035,103.50117,,ZAF,1,1
ZAF,2021,6.5551701,101.74138,106.44331,90,ZAF,1,1
ZAF,2022,6.1559901,102.40239,104.53506,,ZAF,1,1
ZMB,2000,1.78819,80.370071,,,ZMB,1,1
ZMB,2001,,80.172012,,,ZMB,0,0
ZMB,2002,,83.158684,,69.150002,ZMB,0,0
ZMB,2004,2.4634299,102.25474,,,ZMB,1,1
ZMB,2005,1.73553,113.55629,,,ZMB,1,1
ZMB,2006,,114.72246,,,ZMB,0,0
ZMB,2007,1.24076,115.8436,,,ZMB,1,1
ZMB,2008,1.09972,117.08868,,,ZMB,1,1
ZMB,2009,,110.93385,,,ZMB,0,0
ZMB,2010,3.4160044,109.87366,,83.139999,ZMB,1,1
ZMB,2011,3.3577228,111.40073,,,ZMB,1,1
ZMB,2012,3.6950023,111.61851,,,ZMB,1,1
ZMB,2013,3.7182071,105.88756,,,ZMB,1,1
ZMB,2014,5.152257,107.06889,,,ZMB,1,1
ZMB,2015,4.62433,103.41382,,,ZMB,1,1
ZMB,2016,3.74792,99.571556,,,ZMB,1,1
ZMB,2017,3.72964,98.795006,,,ZMB,1,1
ZMB,2018,4.7397399,,,71.129997,ZMB,0,0
ZMB,2019,4.4182401,,,,ZMB,0,0
ZMB,2020,3.9437411,,,81.753006,ZMB,0,0
ZMB,2021,3.1136346,,,79.949463,ZMB,0,0
ZMB,2022,3.6588409,,,79.984146,ZMB,0,0
ZWE,2000,,112.04549,40.017929,,ZWE,0,0
ZWE,2001,,116.90483,42.135189,,ZWE,0,0
ZWE,2002,,111.59956,41.457829,,ZWE,0,0
ZWE,2003,,109.80422,39.101101,,ZWE,0,0
ZWE,2010,1.5440557,,,,ZWE,0,0
ZWE,2012,6.0702138,100.09813,75.864815,,ZWE,1,1
ZWE,2013,5.9959812,99.172638,52.415852,,ZWE,1,1
ZWE,2014,6.1383538,98.247818,,,ZWE,1,1
ZWE,2015,,97.229073,,,ZWE,0,0
ZWE,2016,,95.734093,,,ZWE,0,0
ZWE,2017,,94.334175,,,ZWE,0,0
ZWE,2018,,93.755203,,,ZWE,0,0
ZWE,2019,,93.427094,,93.230003,ZWE,0,0
ZWE,2020,,93.612587,,,ZWE,0,0
ZWE,2021,,92.784691,,,ZWE,0,0
ZWE,2022,,93.165962,,,ZWE,0,0
